"Date","Activity","Source/Destination","Wallet Txn ID","Comment","Debit","Credit","Transaction Breakup","Status"
 13/12/2020 10:04:13 ,"Money sent","Order #SM_4F473F55556FC0E7","32213505008","From: Avijit To: Rahul Sharma","4500","","","SUCCESS"
 13/12/2020 10:04:02 ,"Money sent","Order #SM_205E4A7890BF0A31","32213503309","From: Avijit To: Rahul Sharma","1","","","SUCCESS"
 13/12/2020 10:03:00 ,"Refunded for failed transfer to bank","Order #P2BOTP_778506344540C90C","32213494571","","","4500","","SUCCESS"
 13/12/2020 10:02:20 ,"Paid for order","Paytm Recharge or Bill payment Order #12341164630","32213488893","","249","","","SUCCESS"
 13/12/2020 09:59:50 ,"Transferred to Bank","Order #P2BOTP_778506344540C90C","32213466244","","4500","","","FAILURE"
 12/12/2020 12:35:01 ,"Paid for order","Zomato media Private Limited Order #ZTD-20-9884D64E67D78","32204529165","","213","","","SUCCESS"
 11/12/2020 20:00:50 ,"Paid for order","Zomato media Private Limited Order #ZTD-20-95F454E5E2272","32199324670","","233","","","SUCCESS"
 11/12/2020 19:59:25 ,"Added to wallet","Paytm Order #12307823157","32199306192","","","5000","","SUCCESS"
 11/12/2020 12:55:32 ,"Paid for order","Zomato media Private Limited Order #ZTD-20-B39D11F6FC256","32193941460","","278.45","","","SUCCESS"
 06/12/2020 16:13:21 ,"Paid for order","Zomato media Private Limited Order #ZTD-20-01BEDB1256B91","32141639564","","231.45","","","SUCCESS"
 05/12/2020 18:59:42 ,"Paid for order","Zomato media Private Limited Order #ZTD-20-F9E7EFD6FA031","32131979132","","233","","","SUCCESS"
 05/12/2020 11:31:01 ,"Paid for order","Paytm DTH Recharge Order #12365119720","32125741076","","521","","","SUCCESS"
 04/12/2020 18:36:13 ,"Paid for order","Zomato media Private Limited Order #ZTD-20-29E6BB647F4E0","32119749063","","358.75","","","SUCCESS"
 04/12/2020 15:26:25 ,"Paid for order","Zomato media Private Limited Order #ZTD-20-1BEA866F089DC","32117529362","","262.95","","","SUCCESS"
 03/12/2020 11:55:01 ,"Paid for order","B Shivashankara Order #2020120311544800109","32102162901","","7","","","SUCCESS"
 02/12/2020 16:27:14 ,"Paid for order","Zomato media Private Limited Order #ZTD-20-5BB6896EB2FF7","32094199323","","262.95","","","SUCCESS"
 28/11/2020 20:19:39 ,"Refund for order","grofers Order #GRUTM9D165992715","32051709774","","","40","","SUCCESS"
 28/11/2020 18:24:20 ,"Paid for order","grofers Order #GRUTM9D165992715","32050155647","","1162","","","SUCCESS"
 28/11/2020 18:24:20 ,"Refunded back","Order #GRUTM9D165992715","32050155635","","","1162","","SUCCESS"
 28/11/2020 18:24:19 ,"On hold for order","Order #GRUTM9D165992715","32050155426","","1162","","","REFUNDED_BACK"
 28/11/2020 12:05:38 ,"Paid for order","Zomato media Private Limited Order #ZTD-20-012034A46A76D","32045178079","","396.50","","","SUCCESS"
 27/11/2020 19:04:37 ,"Paid for order","Vodafone Idea Ltd Order #ViApp-PRE4020318475476957-1","32039522442","","149","","","SUCCESS"
 27/11/2020 18:37:13 ,"Paid for order","Zomato media Private Limited Order #ZTD-20-E2E5E6E919B89","32039157859","","296","","","SUCCESS"
 22/11/2020 10:18:47 ,"Paid for order","B Shivashankara Order #202011221018390095","31978718824","","10","","","SUCCESS"
 21/11/2020 20:39:55 ,"Paid for order","Paytm BSNL Recharge Order #12232627974","31975740069","","99","","","SUCCESS"
 21/11/2020 12:02:58 ,"Paid for order","Zomato media Private Limited Order #ZTD-20-3F8DD392C1695","31968840635","","581","","","SUCCESS"
 21/11/2020 12:00:32 ,"Added to wallet","Paytm Order #12224255649","31968803107","","","5000","","SUCCESS"
 20/11/2020 22:13:23 ,"Paid for order","grofers Order #GRAGSET165311485","31964717078","","479","","","SUCCESS"
 20/11/2020 22:13:23 ,"Refunded back","Order #GRAGSET165311485","31964717070","","","479","","SUCCESS"
 20/11/2020 22:13:22 ,"On hold for order","Order #GRAGSET165311485","31964716999","","479","","","REFUNDED_BACK"
 20/11/2020 20:28:14 ,"Paid for order","grofers Order #GRFPOUH165300576","31963579264","","1593","","","SUCCESS"
 20/11/2020 20:28:14 ,"Refunded back","Order #GRFPOUH165300576","31963579258","","","1593","","SUCCESS"
 20/11/2020 20:28:13 ,"On hold for order","Order #GRFPOUH165300576","31963579138","","1593","","","REFUNDED_BACK"
 20/11/2020 19:58:17 ,"Paid for order","Paytm Recharge or Bill payment Order #12179273669","31963189543","","589","","","SUCCESS"
 20/11/2020 11:34:03 ,"Paid for order","Zomato media Private Limited Order #ZTD-20-26CBA64F23BB2","31956422883","","276.45","","","SUCCESS"
 17/11/2020 21:00:22 ,"Paid for order","Paytm Recharge or Bill payment Order #12260426216","31927667985","","199","","","SUCCESS"
 17/11/2020 11:32:50 ,"Paid for order","Reliance Jio Order #BR0005GJ2JM0","31920430931","","599","","","SUCCESS"
 16/11/2020 11:31:31 ,"Paid for order","Zomato media Private Limited Order #ZTD-20-08521FBF219B6","31909292828","","276.45","","","SUCCESS"
 15/11/2020 19:46:08 ,"Paid for order","Zomato media Private Limited Order #ZTD-20-DDB6D86FF13E8","31904822330","","339","","","SUCCESS"
 15/11/2020 11:35:03 ,"Paid for order","Zomato media Private Limited Order #ZTD-20-B592666C735BC","31899058148","","449","","","SUCCESS"
 14/11/2020 12:08:43 ,"Refund for order","grofers Order #GR4GST7164887223","31889172838","","","30","","SUCCESS"
 13/11/2020 20:15:16 ,"Paid for order","grofers Order #GR4GST7164887223","31883707428","","900","","","SUCCESS"
 13/11/2020 20:15:16 ,"Refunded back","Order #GR4GST7164887223","31883707421","","","900","","SUCCESS"
 13/11/2020 20:15:16 ,"On hold for order","Order #GR4GST7164887223","31883707213","","900","","","REFUNDED_BACK"
 13/11/2020 20:04:05 ,"Added to wallet","Paytm Order #12170719864","31883554761","","","5000","","SUCCESS"
 13/11/2020 11:51:43 ,"Paid for order","Zomato media Private Limited Order #ZTD-20-AE457A55FDA33","31876216983","","276.45","","","SUCCESS"
 09/11/2020 06:52:54 ,"Refund for order","grofers Order #GRZ2ISV164465162","31819946834","","","23","","SUCCESS"
 08/11/2020 19:35:51 ,"Paid for order","grofers Order #GRZ2ISV164465162","31815741255","","1470","","","SUCCESS"
 08/11/2020 19:35:51 ,"Refunded back","Order #GRZ2ISV164465162","31815741251","","","1470","","SUCCESS"
 08/11/2020 19:35:51 ,"On hold for order","Order #GRZ2ISV164465162","31815741037","","1470","","","REFUNDED_BACK"
 07/11/2020 20:10:44 ,"Paid for order","Paytm Utilities Order #12157812349","31801442969","","1269","","","SUCCESS"
 07/11/2020 12:02:14 ,"Paid for order","Zomato media Private Limited Order #ZTD-20-0D961441F6CC0","31794098714","","277.45","","","SUCCESS"
 06/11/2020 11:51:34 ,"Paid for order","Zomato media Private Limited Order #ZTD-20-EBF3D4AA98D22","31779908211","","277.45","","","SUCCESS"
 05/11/2020 12:51:48 ,"Paid for order","Zomato media Private Limited Order #ZTD-20-2C3A18A60B028","31766682190","","277.45","","","SUCCESS"
 04/11/2020 18:28:21 ,"Paid for order","Zomato media Private Limited Order #ZTD-20-53F4E6C01FD8A","31757644736","","328","","","SUCCESS"
 04/11/2020 12:05:14 ,"Paid for order","Zomato media Private Limited Order #ZTD-20-9810433564BDB","31751997663","","277.45","","","SUCCESS"
 03/11/2020 20:09:47 ,"Paid for order","Paytm DTH Recharge Order #12154208937","31745668123","","521","","","SUCCESS"
 03/11/2020 12:17:24 ,"Paid for order","Zomato media Private Limited Order #ZTD-20-B6DF4F69F12EB","31738831797","","277.45","","","SUCCESS"
 02/11/2020 21:09:02 ,"Added to wallet","Paytm Order #12100795680","31732048028","","","5000","","SUCCESS"
 01/11/2020 12:51:18 ,"Paid for order","Paytm Utility Bill Payment Order #12112442236","31712857960","","2315","","","SUCCESS"
 30/10/2020 18:16:02 ,"Paid for order","Vodafone Idea Ltd Order #ViApp-PRE2577449165-1","31693540130","","149","","","SUCCESS"
 30/10/2020 18:00:22 ,"Paid for order","grofers Order #GROLEHO163424877","31693334842","","1101","","","SUCCESS"
 30/10/2020 18:00:22 ,"Refunded back","Order #GROLEHO163424877","31693334837","","","1101","","SUCCESS"
 30/10/2020 18:00:21 ,"On hold for order","Order #GROLEHO163424877","31693334681","","1101","","","REFUNDED_BACK"
 25/10/2020 18:55:53 ,"Paid for order","Paytm BSNL Recharge Order #12067300318","31637792351","","99","","","SUCCESS"
 24/10/2020 20:38:38 ,"Paid for order","grofers Order #GR3YIMY162860290","31627890180","","184","","","SUCCESS"
 24/10/2020 20:38:38 ,"Refunded back","Order #GR3YIMY162860290","31627890175","","","184","","SUCCESS"
 24/10/2020 20:38:37 ,"On hold for order","Order #GR3YIMY162860290","31627890052","","184","","","REFUNDED_BACK"
 24/10/2020 20:17:49 ,"Paid for order","grofers Order #GRXLHAQ162858074","31627640713","","1009","","","SUCCESS"
 24/10/2020 20:17:49 ,"Refunded back","Order #GRXLHAQ162858074","31627640710","","","1009","","SUCCESS"
 24/10/2020 20:17:48 ,"On hold for order","Order #GRXLHAQ162858074","31627640579","","1009","","","REFUNDED_BACK"
 24/10/2020 19:59:51 ,"Added to wallet","Paytm Order #12147739367","31627415876","","","5000","","SUCCESS"
 20/10/2020 12:12:24 ,"Paid for order","Paytm Recharge or Bill payment Order #12019199776","31573649488","","199","","","SUCCESS"
 19/10/2020 20:50:55 ,"Paid for order","grofers Order #GRYZPAR162443386","31568691085","","1007","","","SUCCESS"
 19/10/2020 20:50:55 ,"Refunded back","Order #GRYZPAR162443386","31568691079","","","1007","","SUCCESS"
 19/10/2020 20:50:54 ,"On hold for order","Order #GRYZPAR162443386","31568690983","","1007","","","REFUNDED_BACK"
 17/10/2020 19:57:36 ,"Paid for order","grofers Order #GR796JE162107591","31543182334","","1098","","","SUCCESS"
 17/10/2020 19:57:36 ,"Refunded back","Order #GR796JE162107591","31543182327","","","1098","","SUCCESS"
 17/10/2020 19:57:35 ,"On hold for order","Order #GR796JE162107591","31543182107","","1098","","","REFUNDED_BACK"
 14/10/2020 19:25:34 ,"Paid for order","Paytm Recharge or Bill payment Order #11969019027","31502441809","","942","","","SUCCESS"
 13/10/2020 19:14:32 ,"Paid for order","Vodafone Idea Ltd Order #ViApp-PRE1866928038-1","31489732745","","149","","","SUCCESS"
 13/10/2020 17:09:13 ,"Paid for order","grofers Order #GRGA3D9161496288","31487918174","","1386","","","SUCCESS"
 13/10/2020 17:09:13 ,"Refunded back","Order #GRGA3D9161496288","31487918170","","","1386","","SUCCESS"
 13/10/2020 17:09:12 ,"On hold for order","Order #GRGA3D9161496288","31487918027","","1386","","","REFUNDED_BACK"
 10/10/2020 11:18:45 ,"Paid for order","Paytm Utilities Order #11961131726","31444435361","","1186","","","SUCCESS"
 10/10/2020 11:18:07 ,"Added to wallet","Paytm Order #11964068409","31444424963","","","5000","","SUCCESS"
 09/10/2020 20:34:13 ,"Paid for order","Order #SM_DD7631E69C8BB61B","31439615794","From: Avijit To: sunil Kumar U s","740","","","SUCCESS"
 04/10/2020 13:31:51 ,"Paid for order","Paytm DTH Recharge Order #11963440852","31371162757","","521","","","SUCCESS"
 03/10/2020 10:51:19 ,"Paid for order","B Shivashankara Order #202010031051080035","31356279391","","4","","","SUCCESS"
 02/10/2020 02:12:50 ,"Refund for order","grofers Order #GRAQLRH160435502","31341716152","","","30","","SUCCESS"
 01/10/2020 20:08:47 ,"Paid for order","grofers Order #GRAQLRH160435502","31339359515","","2092","","","SUCCESS"
 01/10/2020 20:08:47 ,"Refunded back","Order #GRAQLRH160435502","31339359513","","","2092","","SUCCESS"
 01/10/2020 20:08:46 ,"On hold for order","Order #GRAQLRH160435502","31339359332","","2092","","","REFUNDED_BACK"
 27/09/2020 17:22:14 ,"Paid for order","Vodafone Idea Ltd Order #ViApp-PRE2006081741-1","31287466213","","149","","","SUCCESS"
 27/09/2020 17:20:49 ,"Added to wallet","Paytm Order #11884505293","31287450118","","","5000","","SUCCESS"
 24/09/2020 11:42:59 ,"Paid for order","grofers Order #GRKUYQ0159599685","31245645193","","790","","","SUCCESS"
 24/09/2020 11:42:59 ,"Refunded back","Order #GRKUYQ0159599685","31245645189","","","790","","SUCCESS"
 24/09/2020 11:42:59 ,"On hold for order","Order #GRKUYQ0159599685","31245645093","","790","","","REFUNDED_BACK"
 21/09/2020 20:03:54 ,"Paid for order","Paytm Recharge or Bill payment Order #11872669035","31216765923","","199","","","SUCCESS"
 18/09/2020 19:29:10 ,"Paid for order","grofers Order #GRBXHS8159141053","31178934919","","1767","","","SUCCESS"
 18/09/2020 19:29:10 ,"Refunded back","Order #GRBXHS8159141053","31178934912","","","1767","","SUCCESS"
 18/09/2020 19:29:10 ,"On hold for order","Order #GRBXHS8159141053","31178934653","","1767","","","REFUNDED_BACK"
 17/09/2020 11:43:37 ,"Paid for order","Zomato media Private Limited Order #ZTD-20-30C7E94C690E4","31159887955","","661.05","","","SUCCESS"
 14/09/2020 18:09:57 ,"Paid for order","Vodafone Idea Ltd Order #ViApp-PRE2268311783-1","31129631912","","149","","","SUCCESS"
 13/09/2020 19:49:17 ,"Paid for order","Paytm BSNL Recharge Order #11812402726","31119649287","","99","","","SUCCESS"
 11/09/2020 20:40:31 ,"Paid for order","Paytm Recharge or Bill payment Order #11806535815","31095718949","","943","","","SUCCESS"
 11/09/2020 20:39:29 ,"Paid for order","Paytm Utilities Order #11799049022","31095705665","","1143","","","SUCCESS"
 11/09/2020 20:38:31 ,"Added to wallet","Paytm Order #11799551208","31095693485","","","5000","","SUCCESS"
 10/09/2020 10:39:43 ,"Paid for order","grofers Order #GRHXRGE158538683","31075993063","","766","","","SUCCESS"
 10/09/2020 10:39:43 ,"Refunded back","Order #GRHXRGE158538683","31075993059","","","766","","SUCCESS"
 10/09/2020 10:39:42 ,"On hold for order","Order #GRHXRGE158538683","31075992964","","766","","","REFUNDED_BACK"
 06/09/2020 19:30:18 ,"Paid for order","Paytm DTH Recharge Order #11656472989","31036620934","","521","","","SUCCESS"
 06/09/2020 10:53:15 ,"Paid for order","G M Suresh Order #202009061053070046","31029700452","","175","","","SUCCESS"
 05/09/2020 19:33:55 ,"Paid for order","G M Suresh Order #202009051932130041","31025203399","","5","","","SUCCESS"
 04/09/2020 19:50:24 ,"Paid for order","G M Suresh Order #202009041949340053","31013571515","","3","","","SUCCESS"
 04/09/2020 19:37:51 ,"Paid for order","G M Suresh Order #202009041937300047","31013383124","","47","","","SUCCESS"
 01/09/2020 19:30:37 ,"Paid for order","grofers Order #GRSAKLQ157849194","30979706513","","189","","","SUCCESS"
 01/09/2020 19:30:37 ,"Refunded back","Order #GRSAKLQ157849194","30979706509","","","189","","SUCCESS"
 01/09/2020 19:30:36 ,"On hold for order","Order #GRSAKLQ157849194","30979706326","","189","","","REFUNDED_BACK"
 01/09/2020 19:27:29 ,"Paid for order","grofers Order #GRP1AS6157848860","30979657418","","882","","","SUCCESS"
 01/09/2020 19:27:29 ,"Refunded back","Order #GRP1AS6157848860","30979657412","","","882","","SUCCESS"
 01/09/2020 19:27:28 ,"On hold for order","Order #GRP1AS6157848860","30979657233","","882","","","REFUNDED_BACK"
 29/08/2020 10:52:10 ,"Paid for order","Vodafone Idea Ltd Order #8697669832-20200829105207-38","30942464586","","149","","","SUCCESS"
 26/08/2020 20:55:55 ,"Paid for order","grofers Order #GRDAE3D157203113","30914873628","","926","","","SUCCESS"
 26/08/2020 20:55:55 ,"Refunded back","Order #GRDAE3D157203113","30914873625","","","926","","SUCCESS"
 26/08/2020 20:55:55 ,"On hold for order","Order #GRDAE3D157203113","30914873457","","926","","","REFUNDED_BACK"
 25/08/2020 12:13:06 ,"Paid for order","Zomato media Private Limited Order #ZTD-20-FEF8137699B44","30897716783","","296","","","SUCCESS"
 24/08/2020 09:57:34 ,"Paid for order","Reliance Jio Order #BR00053M2Z4Z","30885779940","","199","","","SUCCESS"
 22/08/2020 19:31:08 ,"Paid for order","Reliance Jio Order #BR00053F8G9R","30872149680","","555","","","SUCCESS"
 22/08/2020 11:34:50 ,"Paid for order","Zomato media Private Limited Order #ZTD-20-3D7C1F5E401D7","30866430986","","503.75","","","SUCCESS"
 19/08/2020 20:08:56 ,"Paid for order","bigbasket Order #97db9edae86fa59099c8","30840642764","","686","","","SUCCESS"
 19/08/2020 19:26:18 ,"Added to wallet","Paytm Order #11524266588","30840055683","","","5000","","SUCCESS"
 19/08/2020 12:16:26 ,"Paid for order","Order #SM_F035348E85FCB14F","30834807617","From: Avijit To: sunil Kumar U s","750","","","SUCCESS"
 17/08/2020 21:07:27 ,"Paid for order","Paytm Recharge or Bill payment Order #11510804111","30819939439","","943","","","SUCCESS"
 17/08/2020 15:53:17 ,"Paid for order","Order #SM_A22D9A476788BDDB","30816152513","From: Avijit To: sunil Kumar U s","630","","","SUCCESS"
 15/08/2020 11:33:37 ,"Paid for order","Zomato media Private Limited Order #ZTD-20-F84678C14CBE8","30792775093","","503.75","","","SUCCESS"
 14/08/2020 12:12:49 ,"Paid for order","Zomato media Private Limited Order #ZTD-20-3FB1316B73F5C","30782751343","","176","","","SUCCESS"
 13/08/2020 21:46:26 ,"Paid for order","Vodafone Idea Ltd Order #8697669832-20200813214624-59","30779054316","","149","","","SUCCESS"
 13/08/2020 12:29:21 ,"Paid for order","Zomato media Private Limited Order #ZTD-20-7215752793623","30772654589","","164","","","SUCCESS"
 13/08/2020 12:16:05 ,"Added to wallet","Paytm Order #11535129770","30772452958","","","5000","","SUCCESS"
 12/08/2020 11:43:30 ,"Paid for order","Zomato media Private Limited Order #ZTD-20-78A15C4931950","30761723602","","176","","","SUCCESS"
 11/08/2020 13:04:40 ,"Paid for order","bigbasket Order #ecbf6c64188e1368a124","30751003582","","739.25","","","SUCCESS"
 10/08/2020 12:35:42 ,"Paid for order","Paytm Utility Bill Payment Order #11489147846","30739436176","","2198","","","SUCCESS"
 10/08/2020 12:34:40 ,"Paid for order","Paytm Utilities Order #11515362634","30739419639","","1188","","","SUCCESS"
 10/08/2020 12:03:27 ,"Paid for order","Zomato media Private Limited Order #ZTD-20-C6E2BE2006DCC","30738944024","","256","","","SUCCESS"
 10/08/2020 10:09:24 ,"Paid for order","Order #SM_5ABD00FEE81DBA0E","30737732587","From: Avijit To: sunil Kumar U s","110","","","SUCCESS"
 09/08/2020 17:57:05 ,"Paid for order","bigbasket Order #8c366a32676e0ff2ac23","30732999931","","695","","","SUCCESS"
 09/08/2020 11:33:45 ,"Paid for order","Zomato media Private Limited Order #ZTD-20-6CD93DCA40FDD","30728608175","","236","","","SUCCESS"
 09/08/2020 10:38:56 ,"Added to wallet","Paytm Order #11466090482","30727958287","","","5000","","SUCCESS"
 09/08/2020 10:34:43 ,"Paid for order","grofers Order #GR2QC1U155024539","30727917169","","299","","","SUCCESS"
 09/08/2020 10:34:43 ,"Refunded back","Order #GR2QC1U155024539","30727917167","","","299","","SUCCESS"
 09/08/2020 10:34:43 ,"On hold for order","Order #GR2QC1U155024539","30727917032","","299","","","REFUNDED_BACK"
 08/08/2020 12:47:24 ,"Paid for order","Paytm DTH Recharge Order #11452603696","30718971034","","521","","","SUCCESS"
 08/08/2020 12:36:51 ,"Paid for order","Order #SM_F938658E6849C1F5","30718811515","From: Avijit To: sunil Kumar U s","950","","","SUCCESS"
 08/08/2020 12:22:11 ,"Paid for order","grofers Order #GR3W6CU154797888","30718589066","","2600","","","SUCCESS"
 08/08/2020 12:22:11 ,"Refunded back","Order #GR3W6CU154797888","30718589056","","","2600","","SUCCESS"
 08/08/2020 12:22:10 ,"On hold for order","Order #GR3W6CU154797888","30718588883","","2600","","","REFUNDED_BACK"
 08/08/2020 11:56:38 ,"Paid for order","Zomato media Private Limited Order #ZTD-20-1D1DB4D30578D","30718220296","","296","","","SUCCESS"
 07/08/2020 19:48:13 ,"Added to wallet","Paytm Order #11434388019","30713077789","","","5000","","SUCCESS"
 07/08/2020 16:27:44 ,"Paid for order","bigbasket Order #43e5a18e6422ac3f49fc","30710655826","","783","","","SUCCESS"
 07/08/2020 15:56:12 ,"Paid for order","Zomato media Private Limited Order #ZTD-20-63D960063C38B","30710373243","","276.45","","","SUCCESS"
 05/08/2020 16:01:24 ,"Paid for order","Zomato media Private Limited Order #ZTD-20-B95C7B12B7597","30689417707","","156.20","","","SUCCESS"
 04/08/2020 18:28:38 ,"Paid for order","Order #SM_9737798D9285EFE9","30680832702","From: Avijit To: sunil Kumar U s","60","","","SUCCESS"
 04/08/2020 11:45:31 ,"Paid for order","Zomato media Private Limited Order #ZTD-20-D7B5B66F96F52","30676348239","","164.50","","","SUCCESS"
 03/08/2020 11:29:42 ,"Paid for order","Vodafone Idea Ltd Order #8697669832-20200803112939-43","30666608510","","149","","","SUCCESS"
 01/08/2020 12:02:31 ,"Paid for order","Zomato media Private Limited Order #ZTD-20-12A582DF02BFD","30646771747","","502.75","","","SUCCESS"
 01/08/2020 04:42:17 ,"Refund for order","grofers Order #GR0VFJ2152953551","30644253085","","","26","","SUCCESS"
 31/07/2020 10:50:38 ,"Paid for order","PRADHAN M Order #202007311050320062","30635816619","","65","","","SUCCESS"
 30/07/2020 11:08:58 ,"Paid for order","grofers Order #GR86B44153434839","30625890012","","173","","","SUCCESS"
 30/07/2020 11:08:58 ,"Refunded back","Order #GR86B44153434839","30625890005","","","173","","SUCCESS"
 30/07/2020 11:08:57 ,"On hold for order","Order #GR86B44153434839","30625889869","","173","","","REFUNDED_BACK"
 29/07/2020 11:01:44 ,"Paid for order","Zomato media Private Limited Order #ZTD-20-F80957A253435","30615814320","","355","","","SUCCESS"
 28/07/2020 19:22:48 ,"Paid for order","grofers Order #GRMTSFK153239856","30611450459","","160","","","SUCCESS"
 28/07/2020 19:22:48 ,"Refunded back","Order #GRMTSFK153239856","30611450453","","","160","","SUCCESS"
 28/07/2020 19:22:47 ,"On hold for order","Order #GRMTSFK153239856","30611450333","","160","","","REFUNDED_BACK"
 28/07/2020 11:21:16 ,"Paid for order","grofers Order #GRQCJE1153192732","30606160243","","95","","","SUCCESS"
 28/07/2020 11:21:16 ,"Refunded back","Order #GRQCJE1153192732","30606160237","","","95","","SUCCESS"
 28/07/2020 11:21:15 ,"On hold for order","Order #GRQCJE1153192732","30606160151","","95","","","REFUNDED_BACK"
 27/07/2020 10:40:17 ,"Paid for order","PRADHAN M Order #202007271040080072","30595814065","","125","","","SUCCESS"
 26/07/2020 19:31:56 ,"Paid for order","Paytm Recharge or Bill payment Order #11398630849","30591963269","","199","","","SUCCESS"
 26/07/2020 11:47:55 ,"Paid for order","grofers Order #GR0VFJ2152953551","30587213941","","713","","","SUCCESS"
 26/07/2020 11:47:55 ,"Refunded back","Order #GR0VFJ2152953551","30587213932","","","713","","SUCCESS"
 26/07/2020 11:47:54 ,"On hold for order","Order #GR0VFJ2152953551","30587213762","","713","","","REFUNDED_BACK"
 24/07/2020 11:27:54 ,"Paid for order","Zomato media Private Limited Order #ZTD-20-F1AA5DE08BD71","30566669009","","295","","","SUCCESS"
 23/07/2020 11:01:29 ,"Paid for order","Zomato media Private Limited Order #ZTD-20-3B8F14B38CDC6","30556508748","","295","","","SUCCESS"
 22/07/2020 13:11:25 ,"Paid for order","grofers Order #GRKTWRR152437804","30548190836","","380","","","SUCCESS"
 22/07/2020 13:11:25 ,"Refunded back","Order #GRKTWRR152437804","30548190831","","","380","","SUCCESS"
 22/07/2020 13:11:25 ,"On hold for order","Order #GRKTWRR152437804","30548190621","","380","","","REFUNDED_BACK"
 22/07/2020 13:10:45 ,"Added to wallet","Paytm Order #11357000148","30548181434","","","5000","","SUCCESS"
 22/07/2020 11:04:04 ,"Paid for order","Zomato media Private Limited Order #ZTD-20-7E3A554526033","30546591638","","265","","","SUCCESS"
 21/07/2020 20:54:05 ,"Paid for order","grofers Order #GRLBQXP152376125","30543261354","","2362","","","SUCCESS"
 21/07/2020 20:54:05 ,"Refunded back","Order #GRLBQXP152376125","30543261351","","","2362","","SUCCESS"
 21/07/2020 20:54:04 ,"On hold for order","Order #GRLBQXP152376125","30543261232","","2362","","","REFUNDED_BACK"
 21/07/2020 10:47:43 ,"Paid for order","Zomato media Private Limited Order #ZTD-20-B55BC6A9DD180","30536462578","","260","","","SUCCESS"
 20/07/2020 11:23:45 ,"Paid for order","Zomato media Private Limited Order #ZTD-20-95A7C398DC365","30526770456","","225","","","SUCCESS"
 19/07/2020 12:01:00 ,"Paid for order","Zomato media Private Limited Order #ZTD-20-C3F1F884A3E0D","30517951965","","151.50","","","SUCCESS"
 18/07/2020 20:32:46 ,"Paid for order","Order #SM_D73FE81A512C0A1C","30514041572","From: Avijit To: sunil Kumar U s","430","","","SUCCESS"
 18/07/2020 11:30:22 ,"Paid for order","Zomato media Private Limited Order #ZTD-20-39FF546DCE9D3","30508147574","","235","","","SUCCESS"
 17/07/2020 11:19:26 ,"Paid for order","Zomato media Private Limited Order #ZTD-20-2AA402270A1CD","30498430466","","295","","","SUCCESS"
 17/07/2020 01:56:56 ,"Refund for order","grofers Order #GRPW5NO151297721","30496355232","","","32","","SUCCESS"
 16/07/2020 14:11:44 ,"Paid for order","Order #SM_65390FE0B124CCFA","30490917816","From: Avijit To: sunil Kumar U s","1310","","","SUCCESS"
 16/07/2020 13:01:46 ,"Added to wallet","Paytm Order #11319708235","30489950651","","","5000","","SUCCESS"
 15/07/2020 19:07:52 ,"Paid for order","grofers Order #GR43XAW151586279","30484005662","","18","","","SUCCESS"
 15/07/2020 19:07:51 ,"Refunded back","Order #GR43XAW151586279","30484005655","","","18","","SUCCESS"
 15/07/2020 19:07:51 ,"On hold for order","Order #GR43XAW151586279","30484005521","","18","","","REFUNDED_BACK"
 14/07/2020 19:44:31 ,"Paid for order","Vodafone Idea Ltd Order #8697669832-20200714194429-41","30474782633","","149","","","SUCCESS"
 13/07/2020 12:04:47 ,"Paid for order","Paytm Recharge or Bill payment Order #11330446890","30459295370","","943","","","SUCCESS"
 13/07/2020 11:07:01 ,"Paid for order","grofers Order #GREGDKO151364409","30458684930","","44","","","SUCCESS"
 13/07/2020 11:07:01 ,"Refunded back","Order #GREGDKO151364409","30458684924","","","44","","SUCCESS"
 13/07/2020 11:07:01 ,"On hold for order","Order #GREGDKO151364409","30458684771","","44","","","REFUNDED_BACK"
 13/07/2020 11:00:27 ,"Paid for order","grofers Order #GRPN8W4151363891","30458592313","","567","","","SUCCESS"
 13/07/2020 11:00:27 ,"Refunded back","Order #GRPN8W4151363891","30458592309","","","567","","SUCCESS"
 13/07/2020 11:00:27 ,"On hold for order","Order #GRPN8W4151363891","30458592170","","567","","","REFUNDED_BACK"
 13/07/2020 10:44:15 ,"Paid for order","grofers Order #GRTOWFS151362656","30458446439","","108","","","SUCCESS"
 13/07/2020 10:44:15 ,"Refunded back","Order #GRTOWFS151362656","30458446435","","","108","","SUCCESS"
 13/07/2020 10:44:14 ,"On hold for order","Order #GRTOWFS151362656","30458446309","","108","","","REFUNDED_BACK"
 12/07/2020 19:02:57 ,"Paid for order","grofers Order #GRPW5NO151297721","30454242939","","745","","","SUCCESS"
 12/07/2020 19:02:57 ,"Refunded back","Order #GRPW5NO151297721","30454242934","","","745","","SUCCESS"
 12/07/2020 19:02:57 ,"On hold for order","Order #GRPW5NO151297721","30454242822","","745","","","REFUNDED_BACK"
 11/07/2020 12:10:56 ,"Paid for order","Zomato media Private Limited Order #ZTD-20-C24501E7A88E9","30440197442","","370","","","SUCCESS"
 11/07/2020 12:06:36 ,"Refund for order","Zomato media Private Limited Order #ZTD-20-87E05CC8AF2BB","30440131667","","","502.75","","SUCCESS"
 11/07/2020 11:39:16 ,"Paid for order","Zomato media Private Limited Order #ZTD-20-87E05CC8AF2BB","30439826766","","502.75","","","SUCCESS"
 10/07/2020 19:02:38 ,"Paid for order","grofers Order #GRZVRNG151009469","30434685229","","30","","","SUCCESS"
 10/07/2020 19:02:38 ,"Refunded back","Order #GRZVRNG151009469","30434685221","","","30","","SUCCESS"
 10/07/2020 19:02:37 ,"On hold for order","Order #GRZVRNG151009469","30434685054","","30","","","REFUNDED_BACK"
 09/07/2020 10:59:55 ,"Paid for order","grofers Order #GRWN9KN150842533","30419003544","","99","","","SUCCESS"
 09/07/2020 10:59:55 ,"Refunded back","Order #GRWN9KN150842533","30419003541","","","99","","SUCCESS"
 09/07/2020 10:59:54 ,"On hold for order","Order #GRWN9KN150842533","30419003453","","99","","","REFUNDED_BACK"
 08/07/2020 21:18:23 ,"Paid for order","Paytm Utilities Order #11294914759","30415986001","","1105","","","SUCCESS"
 08/07/2020 10:34:09 ,"Added to wallet","Paytm Order #11289287399","30408721285","","","5000","","SUCCESS"
 07/07/2020 19:28:03 ,"Paid for order","grofers Order #GRRY8PT150641679","30404562537","","1737","","","SUCCESS"
 07/07/2020 19:28:03 ,"Refunded back","Order #GRRY8PT150641679","30404562530","","","1737","","SUCCESS"
 07/07/2020 19:28:03 ,"On hold for order","Order #GRRY8PT150641679","30404562396","","1737","","","REFUNDED_BACK"
 06/07/2020 11:34:09 ,"Paid for order","Zomato media Private Limited Order #ZTD-20-359F4A1759F6E","30389275386","","355","","","SUCCESS"
 05/07/2020 19:59:05 ,"Paid for order","Vodafone Idea Ltd Order #8697669832-20200705195903-45","30385067283","","149","","","SUCCESS"
 05/07/2020 12:32:02 ,"Paid for order","Paytm DTH Recharge Order #11263615661","30380372627","","700","","","SUCCESS"
 04/07/2020 11:49:33 ,"Paid for order","Zomato media Private Limited Order #ZTD-20-5B05EC7FD8A96","30369611161","","175","","","SUCCESS"
 03/07/2020 12:55:20 ,"Paid for order","bigbasket Order #6c8c36c231838b1d774d","30360402134","","1351.20","","","SUCCESS"
 30/06/2020 19:30:23 ,"Paid for order","bigbasket Order #048f78631b2af7c408df","30334416910","","768","","","SUCCESS"
 30/06/2020 19:19:51 ,"Added to wallet","Paytm Order #11242519491","30334288178","","","5000","","SUCCESS"
 30/06/2020 11:53:27 ,"Paid for order","Zomato media Private Limited Order #ZTD-20-B7D97B4317D11","30329341717","","175","","","SUCCESS"
 29/06/2020 22:07:47 ,"Paid for order","grofers Order #GRAI4XA149522005","30326128640","","1276","","","SUCCESS"
 29/06/2020 22:07:47 ,"Refunded back","Order #GRAI4XA149522005","30326128637","","","1276","","SUCCESS"
 29/06/2020 22:07:47 ,"On hold for order","Order #GRAI4XA149522005","30326128581","","1276","","","REFUNDED_BACK"
 29/06/2020 11:39:06 ,"Paid for order","Zomato media Private Limited Order #ZTD-20-48EA6CA97466E","30319674887","","175","","","SUCCESS"
 28/06/2020 20:16:01 ,"Paid for order","Reliance Jio Order #BR0004US2SIU","30315983010","","199","","","SUCCESS"
 28/06/2020 10:57:29 ,"Paid for order","Zomato media Private Limited Order #ZTD-20-D751AD8A9FD34","30310387031","","170","","","SUCCESS"
 27/06/2020 11:33:13 ,"Paid for order","Zomato media Private Limited Order #ZTD-20-9EEDF5E61DFEB","30301458006","","502.75","","","SUCCESS"
 26/06/2020 21:19:25 ,"Paid for order","Paytm Utilities Order #11221204214","30298183446","","1091","","","SUCCESS"
 24/06/2020 19:47:26 ,"Paid for order","Paytm BSNL Recharge Order #11167646783","30278662185","","118","","","SUCCESS"
 21/06/2020 11:41:17 ,"Paid for order","grofers Order #GR3B5MX148455211","30245559475","","1052","","","SUCCESS"
 21/06/2020 11:41:17 ,"Refunded back","Order #GR3B5MX148455211","30245559471","","","1052","","SUCCESS"
 21/06/2020 11:41:16 ,"On hold for order","Order #GR3B5MX148455211","30245559367","","1052","","","REFUNDED_BACK"
 20/06/2020 18:43:34 ,"Added to wallet","Paytm Order #11146719845","30240704409","","","5000","","SUCCESS"
 20/06/2020 11:35:37 ,"Paid for order","Zomato media Private Limited Order #ZTD-20-8708FBA3A7C1E","30236075054","","502.75","","","SUCCESS"
 18/06/2020 16:34:42 ,"Paid for order","Paytm Recharge or Bill payment Order #11153778681","30220219949","","943","","","SUCCESS"
 16/06/2020 10:39:05 ,"Paid for order","Vodafone Idea Ltd Order #8697669832-20200616103902-52","30197297623","","139","","","SUCCESS"
 14/06/2020 12:12:05 ,"Paid for order","Zomato media Private Limited Order #ZTD-20-8CD3FB8BF1F47","30179338484","","427.50","","","SUCCESS"
 13/06/2020 12:14:39 ,"Paid for order","Zomato media Private Limited Order #ZTD-20-0893300C546E4","30169127776","","280.45","","","SUCCESS"
 11/06/2020 21:46:44 ,"Paid for order","grofers Order #GRHLH3I147242910","30155802291","","2589","","","SUCCESS"
 11/06/2020 21:46:44 ,"Refunded back","Order #GRHLH3I147242910","30155802290","","","2589","","SUCCESS"
 11/06/2020 21:46:43 ,"On hold for order","Order #GRHLH3I147242910","30155802224","","2589","","","REFUNDED_BACK"
 09/06/2020 12:32:31 ,"Paid for order","Paytm DTH Recharge Order #11101315460","30131537669","","500","","","SUCCESS"
 09/06/2020 12:31:39 ,"Added to wallet","Paytm Order #11093976915","30131525488","","","5000","","SUCCESS"
 09/06/2020 11:52:29 ,"Paid for order","Zomato media Private Limited Order #ZTD-20-0A394B0975E4A","30131020158","","502.75","","","SUCCESS"
 07/06/2020 12:50:38 ,"Paid for order","Zomato media Private Limited Order #ZTD-20-72180023C55D4","30113124721","","446","","","SUCCESS"
 05/06/2020 12:17:35 ,"Paid for order","Vodafone Idea Ltd Order #8697669832-20200605121733-24","30093601878","","149","","","SUCCESS"
 03/06/2020 21:19:24 ,"Paid for order","Reliance Jio Order #BR0004QF856C","30080622820","","555","","","SUCCESS"
 31/05/2020 12:13:27 ,"Paid for order","Zomato media Private Limited Order #ZTD-20-33B0EC5EC19BD","30047587537","","502.75","","","SUCCESS"
 31/05/2020 11:25:38 ,"Paid for order","Reliance Jio Order #BR0004PT3N3J","30047049858","","199","","","SUCCESS"
 28/05/2020 19:59:26 ,"Paid for order","Paytm BSNL Recharge Order #11017843576","30023293647","","220","","","SUCCESS"
 25/05/2020 11:30:02 ,"Paid for order","bigbasket Order #77ad9b5d4b2a157e8420","29988079218","","303","","","SUCCESS"
 25/05/2020 11:21:46 ,"Paid for order","grofers Order #GRHYI6W145117205","29987987353","","1081","","","SUCCESS"
 25/05/2020 11:21:46 ,"Refunded back","Order #GRHYI6W145117205","29987987347","","","1081","","SUCCESS"
 25/05/2020 11:21:45 ,"On hold for order","Order #GRHYI6W145117205","29987987214","","1081","","","REFUNDED_BACK"
 19/05/2020 21:28:46 ,"Paid for order","Paytm Recharge or Bill payment Order #10972497547","29933448029","","942","","","SUCCESS"
 19/05/2020 21:28:15 ,"Added to wallet","Paytm Order #10977018204","29933443823","","","5000","","SUCCESS"
 15/05/2020 10:27:42 ,"Paid for order","Vodafone Idea Ltd Order #8697669832-20200515102739-35","29884984637","","139","","","SUCCESS"
 13/05/2020 10:07:50 ,"Paid for order","Paytm Utilities Order #10927415127","29864908860","","1160","","","SUCCESS"
 10/05/2020 21:19:47 ,"Paid for order","grofers Order #GR22X65144021700","29843199950","","70","","","SUCCESS"
 10/05/2020 21:19:47 ,"Refunded back","Order #GR22X65144021700","29843199945","","","70","","SUCCESS"
 10/05/2020 21:19:46 ,"On hold for order","Order #GR22X65144021700","29843199876","","70","","","REFUNDED_BACK"
 10/05/2020 19:01:26 ,"Paid for order","grofers Order #GR5U0V0144009144","29841959908","","827","","","SUCCESS"
 10/05/2020 19:01:26 ,"Refunded back","Order #GR5U0V0144009144","29841959901","","","827","","SUCCESS"
 10/05/2020 19:01:25 ,"On hold for order","Order #GR5U0V0144009144","29841959813","","827","","","REFUNDED_BACK"
 08/05/2020 18:07:28 ,"Paid for order","Vodafone Idea Ltd Order #8697669832-20200508180725-52","29821155567","","149","","","SUCCESS"
 07/05/2020 19:00:42 ,"Paid for order","grofers Order #GR7FLO7143762271","29812919023","","1741","","","SUCCESS"
 07/05/2020 19:00:42 ,"Refunded back","Order #GR7FLO7143762271","29812919016","","","1741","","SUCCESS"
 07/05/2020 19:00:41 ,"On hold for order","Order #GR7FLO7143762271","29812918913","","1741","","","REFUNDED_BACK"
 07/05/2020 11:25:34 ,"Paid for order","Paytm DTH Recharge Order #10882807455","29808548141","","500","","","SUCCESS"
 06/05/2020 16:42:03 ,"Paid for order","Paytm Utility Bill Payment Order #10889046035","29803155813","","1931","","","SUCCESS"
 06/05/2020 16:41:02 ,"Added to wallet","Paytm Order #10887017999","29803147809","","","5000","","SUCCESS"
 03/05/2020 10:57:20 ,"Paid for order","bigbasket Order #992498d7e946f18a2379","29774272491","","3916.40","","","SUCCESS"
 02/05/2020 18:09:24 ,"Added to wallet","Paytm Order #10863942770","29769752044","","","5000","","SUCCESS"
 27/04/2020 21:57:22 ,"Paid for order","Paytm Recharge or Bill payment Order #10832275694","29730419209","","943","","","SUCCESS"
 20/04/2020 18:53:33 ,"Paid for order","grofers Order #GRT5YBW142405493","29668042612","","737","","","SUCCESS"
 20/04/2020 18:53:33 ,"Refunded back","Order #GRT5YBW142405493","29668042605","","","737","","SUCCESS"
 20/04/2020 18:53:33 ,"On hold for order","Order #GRT5YBW142405493","29668042491","","737","","","REFUNDED_BACK"
 17/04/2020 17:49:42 ,"Paid for order","grofers Order #GR00CE5142192642","29641760869","","751","","","SUCCESS"
 17/04/2020 17:49:42 ,"Refunded back","Order #GR00CE5142192642","29641760863","","","751","","SUCCESS"
 17/04/2020 17:49:41 ,"On hold for order","Order #GR00CE5142192642","29641760793","","751","","","REFUNDED_BACK"
 17/04/2020 12:23:43 ,"Paid for order","bigbasket Order #0ca040435dfda17c870a","29639084773","","946.60","","","SUCCESS"
 16/04/2020 21:01:46 ,"Paid for order","Vodafone Idea Ltd Order #8697669832-20200416210142-48","29634907368","","149","","","SUCCESS"
 13/04/2020 13:17:41 ,"Paid for order","Paytm Utilities Order #10743022249","29604410058","","940","","","SUCCESS"
 13/04/2020 13:17:04 ,"Added to wallet","Paytm Order #10739961559","29604401930","","","5000","","SUCCESS"
 11/04/2020 16:00:47 ,"Paid for order","bigbasket Order #1631e469124394a19179","29588710762","","1559.40","","","SUCCESS"
 10/04/2020 19:58:19 ,"Paid for order","Zomato media Private Limited Order #ZTD-20-3D9F32D2A1DBE","29582276308","","215","","","SUCCESS"
 10/04/2020 18:24:03 ,"Paid for order","Vodafone Idea Ltd Order #8697669832-20200410182359-64","29581337831","","199","","","SUCCESS"
 09/04/2020 17:21:28 ,"Refund for order","bigbasket Order #bcb935d787a29d5e9f80","29572260603","","","90","","SUCCESS"
 08/04/2020 19:27:31 ,"Paid for order","bigbasket Order #78b1c36ee8f456796761","29565072074","","800","","","SUCCESS"
 07/04/2020 18:09:16 ,"Refund for order","grofers Order #GR5S8GI140235925","29556147405","","","137","","SUCCESS"
 05/04/2020 18:08:44 ,"Paid for order","Paytm DTH Recharge Order #10688816377","29539884447","","500","","","SUCCESS"
 05/04/2020 12:36:26 ,"Paid for order","Zomato media Private Limited Order #ZTD-20-D2B94CDC55FCD","29537252615","","320.45","","","SUCCESS"
 05/04/2020 11:46:38 ,"Paid for order","READY ASSIST Order #202004051146120059","29536642473","","454","","","SUCCESS"
 04/04/2020 20:16:53 ,"Paid for order","Zomato media Private Limited Order #ZTD-20-20D99195A8E14","29532993697","","217","","","SUCCESS"
 03/04/2020 20:30:43 ,"Paid for order","Zomato media Private Limited Order #ZTD-20-033DA2A61F902","29524802937","","395.75","","","SUCCESS"
 03/04/2020 19:43:36 ,"Paid for order","grofers Order #GRUSKBZ141245347","29524373242","","447","","","SUCCESS"
 03/04/2020 19:43:35 ,"Refunded back","Order #GRUSKBZ141245347","29524373238","","","447","","SUCCESS"
 03/04/2020 19:43:35 ,"On hold for order","Order #GRUSKBZ141245347","29524373130","","447","","","REFUNDED_BACK"
 03/04/2020 17:41:43 ,"Paid for order","grofers Order #GR3L81Z141239216","29523219987","","282","","","SUCCESS"
 03/04/2020 17:41:43 ,"Refunded back","Order #GR3L81Z141239216","29523219985","","","282","","SUCCESS"
 03/04/2020 17:41:42 ,"On hold for order","Order #GR3L81Z141239216","29523219926","","282","","","REFUNDED_BACK"
 03/04/2020 17:32:38 ,"Added to wallet","Paytm Order #10674564237","29523149898","","","5000","","SUCCESS"
 03/04/2020 13:22:41 ,"Paid for order","bigbasket Order #02a7ba7d7c579399f286","29521420384","","339","","","SUCCESS"
 02/04/2020 20:24:11 ,"Paid for order","Zomato media Private Limited Order #ZTD-20-CABB745A3378B","29516741743","","395.75","","","SUCCESS"
 01/04/2020 19:56:09 ,"Paid for order","Zomato media Private Limited Order #ZTD-20-91F5DF8A15D39","29508683996","","462.10","","","SUCCESS"
 01/04/2020 18:29:48 ,"Paid for order","grofers Order #GR63VET141034862","29507834924","","156","","","SUCCESS"
 01/04/2020 18:29:48 ,"Refunded back","Order #GR63VET141034862","29507834919","","","156","","SUCCESS"
 01/04/2020 18:29:47 ,"On hold for order","Order #GR63VET141034862","29507834822","","156","","","REFUNDED_BACK"
 01/04/2020 12:32:07 ,"Paid for order","grofers Order #GRAO0YK140910400","29505085380","","137","","","SUCCESS"
 01/04/2020 12:32:07 ,"Refunded back","Order #GRAO0YK140910400","29505085377","","","137","","SUCCESS"
 01/04/2020 12:32:06 ,"On hold for order","Order #GRAO0YK140910400","29505085260","","137","","","REFUNDED_BACK"
